INSERT INTO Owners (Owner_id, TIN, first_name, last_name, email, city, dob, phone_number)
VALUES 
    ('O001', 129456781, 'GEORGE', 'PAPADOPOULOS', 'GEORGE@DOMAIN.COM', 'ATHENS', TO_DATE('15-JAN-1980', 'DD-MON-YYYY'), '6912345678'),
    ('O002', 231566891, 'MARIA', 'IOANNIDOU', 'MARIA@DOMAIN.COM', 'THESSALONIKI', TO_DATE('22-MAR-1985', 'DD-MON-YYYY'), '6923456789'),
    ('O003', 343276912, 'NIKOS', 'KARAPATIS', 'NIKOS@DOMAIN.COM', 'CHANIA', TO_DATE('10-MAY-1975', 'DD-MON-YYYY'), '6934567890'),
    ('O004', 156489123, 'ELENA', 'GIANNOU', 'ELENA@DOMAIN.COM', 'KALAMATA', TO_DATE('18-JUL-1990', 'DD-MON-YYYY'), '6845678901'),
    ('O005', 967892234, 'DIMITRIS', 'KOSTOPOULOS', 'DIMITRIS@DOMAIN.COM', 'MAROUSI', TO_DATE('25-SEP-1988', 'DD-MON-YYYY'), '6756789012'),
    ('O006', 378912945, 'VASILIS', 'PAPAGEORGIOU', 'VASILIS@DOMAIN.COM', 'PIRAEUS', TO_DATE('12-FEB-1982', 'DD-MON-YYYY'), '6367891234'),
    ('O007', 289163456, 'IOANNA', 'LAMBROPOULOU', 'IOANNA@DOMAIN.COM', 'HERAKLION', TO_DATE('09-NOV-1992', 'DD-MON-YYYY'), '6278912345'),
    ('O008', 191234567, 'KOSTAS', 'TZANAKIS', 'KOSTAS@DOMAIN.COM', 'VOLOS', TO_DATE('03-MAR-1986', 'DD-MON-YYYY'), '6989123456'),
    ('O009', 612335678, 'ANNA', 'NIKOLAIDOU', 'ANNA@DOMAIN.COM', 'LARISSA', TO_DATE('14-AUG-1979', 'DD-MON-YYYY'), '6491234567'),
    ('O010', 123486780, 'CHRISTOS', 'PAPADOPOULOS', 'CHRISTOS@DOMAIN.COM', 'VEROIA', TO_DATE('07-AUG-1979', 'DD-MON-YYYY'), '6991238567'),
    ('O011', 334547590, 'PANOS', 'GIANNIS', 'PANOS@DOMAIN.COM', 'KAVALA', TO_DATE('28-DEC-1993', 'DD-MON-YYYY'), '6412345670'),
    ('O012', 745678901, 'SOFIA', 'CHRISTOU', 'SOFIA@DOMAIN.COM', 'TRIKALA', TO_DATE('19-MAY-1987', 'DD-MON-YYYY'), '6823456701'),
    ('O013', 256789012, 'GIORGOS', 'PANTELIS', 'GIORGOS@DOMAIN.COM', 'PATRA', TO_DATE('06-APR-1984', 'DD-MON-YYYY'), '6334567012'),
    ('O014', 567890123, 'KATERINA', 'SPANOU', 'KATERINA@DOMAIN.COM', 'IOANNINA', TO_DATE('17-JUN-1978', 'DD-MON-YYYY'), '6845670123'),
    ('O015', 648601234, 'LEONIDAS', 'KOSTAS', 'LEONIDAS@DOMAIN.COM', 'KORINTHOS', TO_DATE('23-OCT-1989', 'DD-MON-YYYY'), '6956781234'),
    ('O016', 583912345, 'DAVID', 'JOHNSON', 'DAVID.JOHNSON@DOMAIN.COM', 'LONDON', TO_DATE('10-APR-1980', 'DD-MON-YYYY'), '6912345601'),
    ('O017', 376234567, 'SARAH', 'LEE', 'SARAH.LEE@DOMAIN.COM', 'MANCHESTER', TO_DATE('05-AUG-1983', 'DD-MON-YYYY'), '6923456702'),
    ('O018', 372634567, 'FRANCOIS', 'DUPONT', 'FRANCOIS.DUPONT@DOMAIN.COM', 'PARIS', TO_DATE('12-JUN-1985', 'DD-MON-YYYY'), '6934567803'),
    ('O019', 253756789, 'ALBA', 'GONZALEZ', 'ALBA.GONZALEZ@DOMAIN.COM', 'MADRID', TO_DATE('17-SEP-1990', 'DD-MON-YYYY'), '6945678900');

-----------------------------------------------------------------------------------------------------------------------------------------------------------
--Inserting values into apartments table

INSERT INTO Apartments (Apartment_id, Owner_id, street, street_number, postal_code, city, price, floor, number_of_rooms)
VALUES 
    ('A001', 'O001', 'ERMOU', '10', '10563', 'ATHENS', 850.00, 3, 2),
    ('A002', 'O001', 'KOLOKOTRONI', '15', '10554', 'ATHENS', 900.00, 2, 3),
    ('A003', 'O001', 'ADRIANOU', '5', '10555', 'ATHENS', 750.00, 1, 2),
    ('A004', 'O002', 'TSIMISKI', '20', '54624', 'THESSALONIKI', 800.00, 3, 2),
    ('A005', 'O002', 'EGNATIA', '8', '54630', 'THESSALONIKI', 700.00, 2, 1),
    ('A006', 'O002', 'VENIZELOU', '12', '54635', 'THESSALONIKI', 950.00, 4, 3),
    ('A007', 'O002', 'PLATIA ARISTOTELOUS', '3', '54622', 'THESSALONIKI', 1100.00, 5, 4),
    ('A008', 'O002', 'IONOS DRAGOUMI', '18', '54621', 'THESSALONIKI', 650.00, 1, 1),
    ('A009', 'O003', 'KAPODISTRIOU', '20', '73132', 'CHANIA', 950.00, 2, 2),
    ('A010', 'O004', 'NIKIS', '5', '24100', 'KALAMATA', 780.00, 2, 2),
    ('A011', 'O005', 'MARINOU ANTIPA', '25', '15342', 'MAROUSI', 1050.00, 4, 3),
    ('A012', 'O006', 'DIMOSTHENOUS', '30', '18532', 'PIRAEUS', 1200.00, 3, 3),
    ('A013', 'O007', 'PLATIA KOUNTOURIOTI', '12', '71201', 'HERAKLION', 990.00, 1, 2),
    ('A014', 'O008', 'PATRIARCHOU MAKARIOU', '22', '41222', 'LARISSA', 870.00, 2, 1),
    ('A015', 'O009', 'DIMITRIADOS', '35', '38221', 'VOLOS', 1100.00, 3, 3),
    ('A016', 'O016', 'SAINT PAUL STREET', '12', 'EC1A1BB', 'LONDON', 1200.00, 4, 3),
    ('A017', 'O017', 'SAINT GEORGE STREET', '8', 'M1A2CD', 'MANCHESTER', 1000.00, 3, 2),
    ('A018', 'O018', 'RUE DE PARIS', '5', '75001', 'PARIS', 1400.00, 2, 3),
    ('A019', 'O019', 'CALLE SANTA MARIA', '18', '28001', 'MADRID', 1100.00, 1, 2);

-----------------------------------------------------------------------------------------------------------------------------------------------------------

Insering values into tenants table

INSERT INTO Tenants (Tenant_id, first_name, last_name, gender, email, dob, country, number_of_tenants, phone_number)
VALUES
    ('T001', 'NIKOS', 'OIKONOMOPOULOS', 'M', 'NIKOS.OIK@DOMAIN.COM', TO_DATE('15-JAN-1990', 'DD-MON-YYYY'), 'GREECE', 1, '6931237890'),
    ('T002', 'ELENA', 'PAPARIZOU', 'F', 'ELENA.PAP@DOMAIN.COM', TO_DATE('22-MAR-1985', 'DD-MON-YYYY'), 'GREECE', 2, '6942345671'),
    ('T003', 'ANTONIS', 'REMOS', 'M', 'ANTONIS.REMOS@DOMAIN.COM', TO_DATE('10-FEB-1988', 'DD-MON-YYYY'), 'GREECE', 1, '6939876543'),
    ('T004', 'MARIA', 'IOANNIDOU', 'F', 'MARIA.IOA@DOMAIN.COM', TO_DATE('18-NOV-1992', 'DD-MON-YYYY'), 'GREECE', 1, '6947654321'),
    ('T005', 'VASILIS', 'KARRAS', 'M', 'VASILIS.KAR@DOMAIN.COM', TO_DATE('23-APR-1985', 'DD-MON-YYYY'), 'GREECE', 1, '6951238765'),
    ('T006', 'ANNA', 'VISI', 'F', 'ANNA.VISI@DOMAIN.COM', TO_DATE('11-JUL-1990', 'DD-MON-YYYY'), 'GREECE', 2, '6937564321'),
    ('T007', 'NIKOLAOS', 'VANAS', 'M', 'NIK.VANAS@DOMAIN.COM', TO_DATE('04-SEP-1987', 'DD-MON-YYYY'), 'GREECE', 1, '6948237451'),
    ('T008', 'IOANNA', 'PAPOUTSI', 'F', 'IOANNA.PAP@DOMAIN.COM', TO_DATE('26-AUG-1993', 'DD-MON-YYYY'), 'GREECE', 1, '6956731234'),
    ('T009', 'GEORGE', 'MICHALAKIS', 'M', 'GEORGE.MICH@DOMAIN.COM', TO_DATE('14-OCT-1982', 'DD-MON-YYYY'), 'GREECE', 1, '6934567890'),
    ('T010', 'NIKOLETA', 'DIMITRIOU', 'F', 'NIKOLETA.DIM@DOMAIN.COM', TO_DATE('30-JUL-1996', 'DD-MON-YYYY'), 'GREECE', 2, '6945671234'),
    ('T011', 'STEFANOS', 'VALAORITIS', 'M', 'STEFANOS.VAL@DOMAIN.COM', TO_DATE('12-JAN-1984', 'DD-MON-YYYY'), 'GREECE', 1, '6931238765'),
    ('T012', 'MARIA', 'ROUSSOPOULOU', 'F', 'MARIA.ROU@DOMAIN.COM', TO_DATE('20-MAR-1991', 'DD-MON-YYYY'), 'GREECE', 1, '6957432109'),
    ('T013', 'ANTONIS', 'ZISIS', 'M', 'ANTONIS.ZIS@DOMAIN.COM', TO_DATE('15-JUL-1995', 'DD-MON-YYYY'), 'GREECE', 1, '6945678901'),
    ('T014', 'KATERINA', 'KALOGIANNI', 'F', 'KATERINA.KAL@DOMAIN.COM', TO_DATE('02-SEP-1988', 'DD-MON-YYYY'), 'GREECE', 1, '6932567890'),
    ('T015', 'YIANNIS', 'TSALIKIS', 'M', 'YIANNIS.TSA@DOMAIN.COM', TO_DATE('18-NOV-1989', 'DD-MON-YYYY'), 'GREECE', 2, '6948123456');
    ('T016', 'JAMES', 'SMITH', 'M', 'JAMES.SMITH@DOMAIN.COM', TO_DATE('15-MAY-1985', 'DD-MON-YYYY'), 'ENGLAND', 1, '6648223400'),
    ('T017', 'EMILY', 'CLARK', 'F', 'EMILY.CLARK@DOMAIN.COM', TO_DATE('20-JUN-1990', 'DD-MON-YYYY'), 'ENGLAND', 2, '6556234500'),
    ('T018', 'PIERRE', 'MARTIN', 'M', 'PIERRE.MARTIN@DOMAIN.COM', TO_DATE('08-SEP-1988', 'DD-MON-YYYY'), 'FRANCE', 1, '6234567100'),
    ('T019', 'MARIA', 'GARCIA', 'F', 'MARIA.GARCIA@DOMAIN.COM', TO_DATE('25-JUL-1982', 'DD-MON-YYYY'), 'SPAIN', 2, '6748823401');

-----------------------------------------------------------------------------------------------------------------------------------------------------------
--Insering values into reviews table
--Some tenants have more than one apartment.
INSERT INTO Rentals (Rental_id, Apartment_id, Tenant_id, start_date, end_date)
VALUES
-- TENANTS T001 AND T002 RENTING MULTIPLE APARTMENTS
   ('R001', 'A001', 'T001', TO_DATE('01-JAN-2023', 'DD-MON-YYYY'), TO_DATE('15-JAN-2023', 'DD-MON-YYYY')),
   ('R002', 'A002', 'T001', TO_DATE('16-JAN-2023', 'DD-MON-YYYY'), TO_DATE('31-JAN-2023', 'DD-MON-YYYY')),
   ('R003', 'A003', 'T002', TO_DATE('01-FEB-2023', 'DD-MON-YYYY'), TO_DATE('14-FEB-2023', 'DD-MON-YYYY')),
   ('R004', 'A004', 'T002', TO_DATE('15-FEB-2023', 'DD-MON-YYYY'), TO_DATE('28-FEB-2023', 'DD-MON-YYYY')),
   ('R005', 'A005', 'T003', TO_DATE('01-MAR-2023', 'DD-MON-YYYY'), TO_DATE('31-MAR-2023', 'DD-MON-YYYY')),
   ('R006', 'A006', 'T004', TO_DATE('01-APR-2023', 'DD-MON-YYYY'), TO_DATE('30-APR-2023', 'DD-MON-YYYY')),
   ('R007', 'A007', 'T005', TO_DATE('01-MAY-2023', 'DD-MON-YYYY'), TO_DATE('31-MAY-2023', 'DD-MON-YYYY')),
   ('R008', 'A008', 'T006', TO_DATE('01-JUN-2023', 'DD-MON-YYYY'), TO_DATE('30-JUN-2023', 'DD-MON-YYYY')),
   ('R009', 'A009', 'T007', TO_DATE('01-JUL-2023', 'DD-MON-YYYY'), TO_DATE('31-JUL-2023', 'DD-MON-YYYY')),
   ('R010', 'A010', 'T008', TO_DATE('01-AUG-2023', 'DD-MON-YYYY'), TO_DATE('31-AUG-2023', 'DD-MON-YYYY')),
   ('R011', 'A011', 'T009', TO_DATE('01-SEP-2023', 'DD-MON-YYYY'), TO_DATE('30-SEP-2023', 'DD-MON-YYYY')),
   ('R012', 'A012', 'T010', TO_DATE('01-OCT-2023', 'DD-MON-YYYY'), TO_DATE('31-OCT-2023', 'DD-MON-YYYY')),
   ('R013', 'A013', 'T011', TO_DATE('01-NOV-2023', 'DD-MON-YYYY'), TO_DATE('30-NOV-2023', 'DD-MON-YYYY')),
   ('R014', 'A014', 'T012', TO_DATE('01-DEC-2023', 'DD-MON-YYYY'), TO_DATE('15-DEC-2023', 'DD-MON-YYYY')),
   ('R015', 'A015', 'T013', TO_DATE('16-DEC-2023', 'DD-MON-YYYY'), TO_DATE('31-DEC-2023', 'DD-MON-YYYY')),
   ('R016', 'A016', 'T016', TO_DATE('01-JAN-2024', 'DD-MON-YYYY'), TO_DATE('31-JAN-2024', 'DD-MON-YYYY')),
   ('R017', 'A017', 'T017', TO_DATE('01-FEB-2024', 'DD-MON-YYYY'), TO_DATE('28-FEB-2024', 'DD-MON-YYYY')),
   ('R018', 'A018', 'T018', TO_DATE('01-MAR-2024', 'DD-MON-YYYY'), TO_DATE('31-MAR-2024', 'DD-MON-YYYY')),
   ('R019', 'A019', 'T019', TO_DATE('01-APR-2024', 'DD-MON-YYYY'), TO_DATE('30-APR-2024', 'DD-MON-YYYY'));



------------------------------------------------------------------------------------------------------------------------------------------------------------

Some tenants have more than review
INSERT INTO Reviews (Review_id, Apartment_id, Tenant_id, review_date, stars, review_text)
VALUES
   ('RV001', 'A001', 'T001', TO_DATE('15-JAN-2023', 'DD-MON-YYYY'), 5, 'EXCELLENT APARTMENT! VERY CLEAN AND COMFORTABLE.'),
   ('RV002', 'A002', 'T001', TO_DATE('31-JAN-2023', 'DD-MON-YYYY'), 4, 'GOOD LOCATION, BUT A BIT SMALL FOR THE PRICE.'),
   ('RV003', 'A003', 'T002', TO_DATE('14-FEB-2023', 'DD-MON-YYYY'), 5, 'BEAUTIFUL APARTMENT, HIGHLY RECOMMENDED.'),
   ('RV004', 'A004', 'T002', TO_DATE('28-FEB-2023', 'DD-MON-YYYY'), 3, 'AVERAGE EXPERIENCE. NOISY NEIGHBORHOOD.'),
   ('RV005', 'A005', 'T003', TO_DATE('31-MAR-2023', 'DD-MON-YYYY'), 4, 'SPACIOUS AND WELL-MAINTAINED.'),
   ('RV006', 'A006', 'T004', TO_DATE('30-APR-2023', 'DD-MON-YYYY'), 5, 'EXCEPTIONAL VIEWS AND GREAT HOST.'),
   ('RV007', 'A007', 'T005', TO_DATE('31-MAY-2023', 'DD-MON-YYYY'), 4, 'GOOD VALUE FOR MONEY.'),
   ('RV008', 'A008', 'T006', TO_DATE('30-JUN-2023', 'DD-MON-YYYY'), 3, 'DECENT APARTMENT, BUT OVERPRICED.'),
   ('RV009', 'A009', 'T007', TO_DATE('31-JUL-2023', 'DD-MON-YYYY'), 5, 'SPOTLESS AND MODERN DESIGN.'),
   ('RV010', 'A010', 'T008', TO_DATE('31-AUG-2023', 'DD-MON-YYYY'), 4, 'CENTRAL LOCATION, BUT NOISY.'),
   ('RV011', 'A011', 'T009', TO_DATE('30-SEP-2023', 'DD-MON-YYYY'), 5, 'PERFECT FOR A FAMILY STAY.'),
   ('RV012', 'A012', 'T010', TO_DATE('31-OCT-2023', 'DD-MON-YYYY'), 4, 'LUXURIOUS BUT EXPENSIVE.'),
   ('RV013', 'A013', 'T011', TO_DATE('30-NOV-2023', 'DD-MON-YYYY'), 5, 'OUTSTANDING HOST. WOULD BOOK AGAIN.'),
   ('RV014', 'A014', 'T012', TO_DATE('15-DEC-2023', 'DD-MON-YYYY'), 4, 'COMFORTABLE AND WELL-FURNISHED.'),
   ('RV015', 'A015', 'T013', TO_DATE('31-DEC-2023', 'DD-MON-YYYY'), 5, 'BEAUTIFUL APARTMENT WITH AMAZING AMENITIES.')
   ('RV016', 'A016', 'T016', TO_DATE('31-JAN-2024', 'DD-MON-YYYY'), 5, 'STUNNING LOCATION AND LOVELY INTERIOR. HIGHLY RECOMMENDED.'),
   ('RV017', 'A017', 'T017', TO_DATE('28-FEB-2024', 'DD-MON-YYYY'), 4, 'GREAT SPACE, BUT PARKING WAS AN ISSUE.'),
   ('RV018', 'A018', 'T018', TO_DATE('31-MAR-2024', 'DD-MON-YYYY'), 5, 'EXCELLENT APARTMENT WITH A FRENCH CHARM. PERFECT HOST.'),
   ('RV019', 'A019', 'T019', TO_DATE('30-APR-2024', 'DD-MON-YYYY'), 4, 'COZY APARTMENT IN THE HEART OF THE CITY. SOME NOISE AT NIGHT.');
